Workbook

Sheet Overview
A4: Sports | B4: Sum of Monthly Salary | C4: Sum of Sponsorship Val | D4: Difference | F4: year | G4: number of athletes in the year
A5: Basketball | B5: 34300 | C5: 45000 | D5: =C5-B5 -> 10700 | F5: 2018 | G5: 7
A6: Fencing | B6: 22500 | C6: 13500 | D6: =C6-B6 -> -9000 | F6: 2019 | G6: 8
A7: Football | B7: 187000 | C7: 220000 | D7: =C7-B7 -> 33000 | F7: 2020 | G7: 6
A8: Handball | B8: 34100 | C8: 55000 | D8: =C8-B8 -> 20900 | F8: 2021 | G8: 8
A9: Karate | B9: 22000 | C9: 10000 | D9: =C9-B9 -> -12000 | F9: 2022 | G9: 9
A10: Powerlifting | B10: 9000 | C10: 3500 | D10: =C10-B10 -> -5500 | F10: 2023 | G10: 12
A11: Squash | B11: 70500 | C11: 76000 | D11: =C11-B11 -> 5500 | F11: Grand Total | G11: 50
A12: Swimming | B12: 46300 | C12: 60000 | D12: =C12-B12 -> 13700
A13: Table Tennis | B13: 10500 | C13: 14000 | D13: =C13-B13 -> 3500
A14: Taekwondo | B14: 16000 | C14: 9800 | D14: =C14-B14 -> -6200
A15: Volleyball | B15: 50900 | C15: 32500 | D15: =C15-B15 -> -18400
A16: Weightlifting | B16: 6000 | C16: 4000 | D16: =C16-B16 -> -2000
A17: Grand Total | B17: 509100 | C17: 543300

Sheet chart3
A3: Status | B3: Count of Status
A4: Active | B4: 25
A5: Injured | B5: 19
A6: Total | B6: 44

Sheet chart2
A3: Sports | B3: Sum of Sponsorship Val | C3: Sum of Monthly Salary
A4: Basketball | B4: 45000 | C4: 34300
A5: Fencing | B5: 13500 | C5: 22500
A6: Football | B6: 220000 | C6: 187000
A7: Handball | B7: 55000 | C7: 34100
A8: Karate | B8: 10000 | C8: 22000
A9: Powerlifting | B9: 3500 | C9: 9000
A10: Squash | B10: 76000 | C10: 70500
A11: Swimming | B11: 60000 | C11: 46300
A12: Table Tennis | B12: 14000 | C12: 10500
A13: Taekwondo | B13: 9800 | C13: 16000
A14: Volleyball | B14: 32500 | C14: 50900
A15: Weightlifting | B15: 4000 | C15: 6000
A16: Grand Total | B16: 543300 | C16: 509100

Sheet chart1
A3: Sports | B3: Number of players
A4: Basketball | B4: 5
A5: Fencing | B5: 3
A6: Football | B6: 10
A7: Handball | B7: 5
A8: Karate | B8: 2
A9: Powerlifting | B9: 1
A10: Squash | B10: 8
A11: Swimming | B11: 6
A12: Table Tennis | B12: 2
A13: Taekwondo | B13: 2
A14: Volleyball | B14: 5
A15: Weightlifting | B15: 1
A16: Total | B16: 50

Sheet Sponsorship 
A1: Sport | B1: value
A2: Football | B2: 22000
A3: Basketball | B3: 9000
A4: Handball | B4: 11000
A5: Swimming | B5: 10000
A6: Volleyball | B6: 6500
A7: Squash | B7: 9500
A8: Table Tennis | B8: 7000
A9: Weightlifting | B9: 4000
A10: Karate | B10: 5000
A11: Taekwondo | B11: 4900
A12: Fencing | B12: 4500
A13: Powerlifting | B13: 3500

Sheet Main Data
A1: Athlete ID | B1: Name | C1: Sports | D1: Level | E1: Date of Joining | F1: Monthly Salary | G1: Matches Won | H1: Status | I1: Sponsorship Val | J1: Performance Category | K1: Contract Recommendation | L1: year
A2: 1001 | B2: Mohamed Salah | C2: Football | D2: A | E2: 44695 | F2: 30000 | G2: 50 | H2: Active | I2: =_xlfn.XLOOKUP(C2,'Sponsorship '!A$2:A$13,'Sponsorship '!B$2:B$13) -> 22000 | J2: =IF(AND(H2="Active", G2>10), "Star", "Under Review") -> Star | K2: =IF(AND(H2="Injured", G2<5), "Review Contract", "Keep Player") -> Keep Player | L2: =YEAR(Table1[[#This Row],[Date of Joining]]) -> 2022
A3: 1002 | B3: Ahmed Hegazi | C3: Football | D3: A | E3: 44138 | F3: 28000 | G3: 40 | H3: Active | I3: =_xlfn.XLOOKUP(C3,'Sponsorship '!A$2:A$13,'Sponsorship '!B$2:B$13) -> 22000 | J3: =IF(AND(H3="Active", G3>10), "Star", "Under Review") -> Star | K3: =IF(AND(H3="Injured", G3<5), "Review Contract", "Keep Player") -> Keep Player | L3: =YEAR(Table1[[#This Row],[Date of Joining]]) -> 2020
A4: 1003 | B4: Trezeguet | C4: Football | D4: A | E4: 43668 | F4: 22000 | G4: 25 | H4: Active | I4: =_xlfn.XLOOKUP(C4,'Sponsorship '!A$2:A$13,'Sponsorship '!B$2:B$13) -> 22000 | J4: =IF(AND(H4="Active", G4>10), "Star", "Under Review") -> Star | K4: =IF(AND(H4="Injured", G4<5), "Review Contract", "Keep Player") -> Keep Player | L4: =YEAR(Table1[[#This Row],[Date of Joining]]) -> 2019
A5: 1004 | B5: Omar Marmoush | C5: Football | D5: A | E5: 44263 | F5: 23000 | G5: 38 | H5: Active | I5: =_xlfn.XLOOKUP(C5,'Sponsorship '!A$2:A$13,'Sponsorship '!B$2:B$13) -> 22000 | J5: =IF(AND(H5="Active", G5>10), "Star", "Under Review") -> Star | K5: =IF(AND(H5="Injured", G5<5), "Review Contract", "Keep Player") -> Keep Player | L5: =YEAR(Table1[[#This Row],[Date of Joining]]) -> 2021
A6: 1005 | B6: Mostafa Mohamed | C6: Football | D6: B | E6: 44943 | F6: 19000 | G6: 24 | H6: Retired | I6: =_xlfn.XLOOKUP(C6,'Sponsorship '!A$2:A$13,'Sponsorship '!B$2:B$13) -> 22000 | J6: =IF(AND(H6="Active", G6>10), "Star", "Under Review") -> Under Review | K6: =IF(AND(H6="Injured", G6<5), "Review Contract", "Keep Player") -> Keep Player | L6: =YEAR(Table1[[#This Row],[Date of Joining]]) -> 2023
A7: 1006 | B7: Mohamed Elneny | C7: Football | D7: A | E7: 45199 | F7: 26000 | G7: 25 | H7: Active | I7: =_xlfn.XLOOKUP(C7,'Sponsorship '!A$2:A$13,'Sponsorship '!B$2:B$13) -> 22000 | J7: =IF(AND(H7="Active", G7>10), "Star", "Under Review") -> Star | K7: =IF(AND(H7="Injured", G7<5), "Review Contract", "Keep Player") -> Keep Player | L7: =YEAR(Table1[[#This Row],[Date of Joining]]) -> 2023
A8: 1007 | B8: Amr El Solia | C8: Football | D8: B | E8: 43993 | F8: 10000 | G8: 23 | H8: Injured | I8: =_xlfn.XLOOKUP(C8,'Sponsorship '!A$2:A$13,'Sponsorship '!B$2:B$13) -> 22000 | J8: =IF(AND(H8="Active", G8>10), "Star", "Under Review") -> Under Review | K8: =IF(AND(H8="Injured", G8<5), "Review Contract", "Keep Player") -> Keep Player | L8: =YEAR(Table1[[#This Row],[Date of Joining]]) -> 2020
A9: 1008 | B9: Hamdi Fathy | C9: Football | D9: B | E9: 44920 | F9: 12000 | G9: 20 | H9: Injured | I9: =_xlfn.XLOOKUP(C9,'Sponsorship '!A$2:A$13,'Sponsorship '!B$2:B$13) -> 22000 | J9: =IF(AND(H9="Active", G9>10), "Star", "Under Review") -> Under Review | K9: =IF(AND(H9="Injured", G9<5), "Review Contract", "Keep Player") -> Keep Player | L9: =YEAR(Table1[[#This Row],[Date of Joining]]) -> 2022
A10: 1009 | B10: Ali Maaloul | C10: Football | D10: A | E10: 43560 | F10: 12000 | G10: 27 | H10: Active | I10: =_xlfn.XLOOKUP(C10,'Sponsorship '!A$2:A$13,'Sponsorship '!B$2:B$13) -> 22000 | J10: =IF(AND(H10="Active", G10>10), "Star", "Under Review") -> Star | K10: =IF(AND(H10="Injured", G10<5), "Review Contract", "Keep Player") -> Keep Player | L10: =YEAR(Table1[[#This Row],[Date of Joining]]) -> 2019
A11: 1010 | B11: Mahmoud Kahraba | C11: Football | D11: B | E11: 44427 | F11: 5000 | G11: 22 | H11: Retired | I11: =_xlfn.XLOOKUP(C11,'Sponsorship '!A$2:A$13,'Sponsorship '!B$2:B$13) -> 22000 | J11: =IF(AND(H11="Active", G11>10), "Star", "Under Review") -> Under Review | K11: =IF(AND(H11="Injured", G11<5), "Review Contract", "Keep Player") -> Keep Player | L11: =YEAR(Table1[[#This Row],[Date of Joining]]) -> 2021
A12: 1011 | B12: Omar Assar | C12: Table Tennis | D12: B | E12: 44987 | F12: 6000 | G12: 20 | H12: Active | I12: =_xlfn.XLOOKUP(C12,'Sponsorship '!A$2:A$13,'Sponsorship '!B$2:B$13) -> 7000 | J12: =IF(AND(H12="Active", G12>10), "Star", "Under Review") -> Star | K12: =IF(AND(H12="Injured", G12<5), "Review Contract", "Keep Player") -> Keep Player | L12: =YEAR(Table1[[#This Row],[Date of Joining]]) -> 2023
A13: 1012 | B13: Ibrahim Hamadtou | C13: Table Tennis | D13: C | E13: 43418 | F13: 4500 | G13: 25 | H13: Active | I13: =_xlfn.XLOOKUP(C13,'Sponsorship '!A$2:A$13,'Sponsorship '!B$2:B$13) -> 7000 | J13: =IF(AND(H13="Active", G13>10), "Star", "Under Review") -> Star | K13: =IF(AND(H13="Injured", G13<5), "Review Contract", "Keep Player") -> Keep Player | L13: =YEAR(Table1[[#This Row],[Date of Joining]]) -> 2018
... A51: 1050 | B51: Rahma Khaled | C51: Swimming | D51: C | E51: 44612 | F51: 5500 | G51: 4 | H51: Injured | I51: =_xlfn.XLOOKUP(C51,'Sponsorship '!A$2:A$13,'Sponsorship '!B$2:B$13) -> 10000 | J51: =IF(AND(H51="Active", G51>10), "Star", "Under Review") -> Under Review | K51: =IF(AND(H51="Injured", G51<5), "Review Contract", "Keep Player") -> Review Contract | L51: =YEAR(Table1[[#This Row],[Date of Joining]]) -> 2022
